/*
 Navicat Premium Data Transfer

 Source Server         : ruiyeclub
 Source Server Type    : MySQL
 Source Server Version : 50647
 Source Host           : ruiyeclub.cn:3306
 Source Schema         : seed_api

 Target Server Type    : MySQL
 Target Server Version : 50647
 File Encoding         : 65001

 Date: 01/07/2020 16:11:20
*/

SET NAMES utf8mb4;
SET FOREIGN_KEY_CHECKS = 0;

-- ----------------------------
-- Table structure for sys_permission
-- ----------------------------
DROP TABLE IF EXISTS `sys_permission`;
CREATE TABLE `sys_permission`  (
  `id` int(11) NOT NULL AUTO_INCREMENT,
  `name` varchar(255) CHARACTER SET utf8 COLLATE utf8_general_ci NULL DEFAULT NULL,
  `permission` varchar(255) CHARACTER SET utf8 COLLATE utf8_general_ci NULL DEFAULT NULL,
  `url` varchar(255) CHARACTER SET utf8 COLLATE utf8_general_ci NULL DEFAULT NULL,
  PRIMARY KEY (`id`) USING BTREE
) ENGINE = InnoDB AUTO_INCREMENT = 4 CHARACTER SET = utf8 COLLATE = utf8_general_ci ROW_FORMAT = DYNAMIC;

-- ----------------------------
-- Records of sys_permission
-- ----------------------------
INSERT INTO `sys_permission` VALUES (1, '用户管理', 'userInfo:view', 'user/list');
INSERT INTO `sys_permission` VALUES (2, '用户添加', 'userInfo:add', 'user/add');
INSERT INTO `sys_permission` VALUES (3, '用户删除', 'userInfo:del', 'user/del');

-- ----------------------------
-- Table structure for sys_role
-- ----------------------------
DROP TABLE IF EXISTS `sys_role`;
CREATE TABLE `sys_role`  (
  `id` int(11) NOT NULL AUTO_INCREMENT,
  `description` varchar(255) CHARACTER SET utf8 COLLATE utf8_general_ci NULL DEFAULT NULL,
  `role` varchar(255) CHARACTER SET utf8 COLLATE utf8_general_ci NULL DEFAULT NULL,
  PRIMARY KEY (`id`) USING BTREE
) ENGINE = InnoDB AUTO_INCREMENT = 4 CHARACTER SET = utf8 COLLATE = utf8_general_ci ROW_FORMAT = DYNAMIC;

-- ----------------------------
-- Records of sys_role
-- ----------------------------
INSERT INTO `sys_role` VALUES (1, '管理员', 'admin');
INSERT INTO `sys_role` VALUES (2, 'VIP会员', 'vip');
INSERT INTO `sys_role` VALUES (3, '测试', 'test');

-- ----------------------------
-- Table structure for sys_role_permission
-- ----------------------------
DROP TABLE IF EXISTS `sys_role_permission`;
CREATE TABLE `sys_role_permission`  (
  `permission_id` int(11) NOT NULL,
  `role_id` int(11) NOT NULL
) ENGINE = InnoDB CHARACTER SET = utf8 COLLATE = utf8_general_ci ROW_FORMAT = DYNAMIC;

-- ----------------------------
-- Records of sys_role_permission
-- ----------------------------
INSERT INTO `sys_role_permission` VALUES (1, 1);
INSERT INTO `sys_role_permission` VALUES (2, 1);
INSERT INTO `sys_role_permission` VALUES (3, 1);
INSERT INTO `sys_role_permission` VALUES (1, 3);
INSERT INTO `sys_role_permission` VALUES (2, 3);

-- ----------------------------
-- Table structure for sys_user_role
-- ----------------------------
DROP TABLE IF EXISTS `sys_user_role`;
CREATE TABLE `sys_user_role`  (
  `role_id` int(11) NOT NULL,
  `uid` int(11) NULL DEFAULT NULL,
  PRIMARY KEY (`role_id`) USING BTREE
) ENGINE = InnoDB CHARACTER SET = utf8 COLLATE = utf8_general_ci ROW_FORMAT = DYNAMIC;

-- ----------------------------
-- Records of sys_user_role
-- ----------------------------
INSERT INTO `sys_user_role` VALUES (1, 1);
INSERT INTO `sys_user_role` VALUES (3, 2);

-- ----------------------------
-- Table structure for user_info
-- ----------------------------
DROP TABLE IF EXISTS `user_info`;
CREATE TABLE `user_info`  (
  `id` int(11) NOT NULL,
  `name` varchar(255) CHARACTER SET utf8 COLLATE utf8_general_ci NULL DEFAULT NULL,
  `password` varchar(255) CHARACTER SET utf8 COLLATE utf8_general_ci NULL DEFAULT NULL,
  `salt` varchar(255) CHARACTER SET utf8 COLLATE utf8_general_ci NULL DEFAULT NULL,
  `state` varchar(255) CHARACTER SET utf8 COLLATE utf8_general_ci NULL DEFAULT NULL,
  `username` varchar(255) CHARACTER SET utf8 COLLATE utf8_general_ci NULL DEFAULT NULL,
  PRIMARY KEY (`id`) USING BTREE
) ENGINE = InnoDB CHARACTER SET = utf8 COLLATE = utf8_general_ci ROW_FORMAT = DYNAMIC;

-- ----------------------------
-- Records of user_info
-- ----------------------------
INSERT INTO `user_info` VALUES (1, '管理员', 'd547d0d15e550fb68c3962137e5fb8e3', '', '1', 'admin');
INSERT INTO `user_info` VALUES (2, '测试', '402fe8c0a3bcea3d481ba7cba95aa221', NULL, '1', 'test');

SET FOREIGN_KEY_CHECKS = 1;
